"trial","ref_position","var_area","response","correct","rt"
1,"R",12.027682896005,"L",TRUE,4.01499962806702
2,"R",11.5911340850871,"L",TRUE,1.90000009536743
3,"L",13.214527413249,"R",TRUE,2.20499992370605
4,"R",10.8652412376832,"L",TRUE,1.89199995994568
5,"R",9.61137147573754,"L",TRUE,1.78999996185303
6,"L",13.3921139445156,"R",TRUE,1.40400004386902
7,"L",9.67748248903081,"R",TRUE,1.69300007820129
8,"R",12.3413036372513,"L",TRUE,2.07599997520447
9,"L",8.70406143809669,"R",FALSE,1.98399996757507
10,"R",8.03224626462907,"R",TRUE,1.4060001373291
11,"L",12.0601420958992,"R",TRUE,1.49399995803833
12,"R",8.93229235918261,"R",TRUE,1.30900001525879
13,"L",8.95633228449151,"L",TRUE,1.58999991416931
14,"L",10.263748977799,"R",TRUE,1.38399982452393
15,"R",14.8212823448703,"L",TRUE,1.36899995803833
16,"R",14.5421988528688,"L",TRUE,1.29399991035461
17,"R",11.176638357807,"R",FALSE,1.59999990463257
18,"L",14.948109126417,"R",TRUE,1.18499994277954
19,"L",8.27097186935134,"L",TRUE,1.48900032043457
20,"R",10.4750106565189,"L",TRUE,1.58700013160706
21,"L",14.551195301814,"R",TRUE,1.40299987792969
22,"L",14.3084639259614,"R",TRUE,1.40700006484985
23,"R",11.1988673456945,"L",TRUE,1.28900003433228
24,"R",14.1328232074156,"L",TRUE,1.49500012397766
25,"R",13.0012256288901,"L",TRUE,1.30499982833862